{"loss": 1.8515625, "_timestamp": 1692002544.123747, "_runtime": 100.26394510269165, "_step": 12, "_wandb": {"runtime": 96}}